{
    "colliders": [
        {
            "center": {
                "x": 66.0,
                "y": 34.779998779296875,
                "z": -0.41999998688697815
            },
            "offset": {
                "x": 66.0,
                "y": 3.0,
                "z": -0.41999998688697815
            },
            "parent": 0,
            "radius": 22.0
        },
        {
            "center": {
                "x": 7.0,
                "y": 48.279998779296875,
                "z": 0.0
            },
            "offset": {
                "x": 7.0,
                "y": 16.5,
                "z": 0.0
            },
            "parent": 0,
            "radius": 42.0
        }
    ]
}
