{
    "colliders": [
        {
            "center": {
                "x": 0.0,
                "y": 132.39999389648438,
                "z": 0.0
            },
            "offset": {
                "x": 0.0,
                "y": 4.0,
                "z": 0.0
            },
            "parent": 0,
            "radius": 73.0
        },
        {
            "center": {
                "x": 0.0,
                "y": 128.39999389648438,
                "z": 93.69999694824219
            },
            "offset": {
                "x": 0.0,
                "y": 0.0,
                "z": 74.5
            },
            "parent": 2,
            "radius": 56.0
        }
    ]
}
